id	stage	section	subsection	caption	timing	who	illo	mood	bg	template	pack	file
LC-001	Pregnancy	Before you arrived	Discovery	We found out	Day 0	Mama + Papa	mama and papa bear sitting close together, looking at a tiny glowing star between their paws	surprised tender joy	muted sage	T02 Couple Hero	Core	001_pregnancy_we_found_out.png
LC-002	Pregnancy	Before you arrived	Discovery	Two little lines	Day 0	Mama + Papa	mama bear holding a tiny keepsake strip-like object with no markings while papa bear smiles softly	happy tears	muted sage	T02 Couple Hero	Core	002_pregnancy_two_little_lines.png
LC-003	Pregnancy	Before you arrived	Discovery	Our secret begins	Weeks 4-8	Mama + Papa	mama and papa bear under a crescent moon, sharing a quiet secret	soft excited	muted sage	T02 Couple Hero	Core	003_pregnancy_our_secret_begins.png
LC-004	Pregnancy	Before you arrived	Discovery	A tiny miracle	Weeks 4-8	Mama + Papa	mama bear touching belly with one tiny sparkle near it while papa bear stands close	peaceful	muted sage	T02 Couple Hero	Core	004_pregnancy_a_tiny_miracle.png
LC-005	Pregnancy	Before you arrived	Discovery	We told Papa	Anytime	Mama + Papa	papa bear reacting with paws to cheeks while mama bear smiles beside him	delighted surprise	muted sage	T02 Couple Hero	Core	005_pregnancy_we_told_papa.png
LC-006	Pregnancy	Before you arrived	Discovery	We told Mama	Anytime	Mama + Papa	mama bear holding belly while papa bear gently hugs her	emotional	muted sage	T02 Couple Hero	Core	006_pregnancy_we_told_mama.png
LC-007	Pregnancy	Before you arrived	Discovery	Our first happy tears	Anytime	Mama + Papa	mama and papa bear hugging with tiny teardrop-like sparkles around them	tender	muted sage	T02 Couple Hero	Core	007_pregnancy_our_first_happy_tears.png
LC-008	Pregnancy	Before you arrived	Discovery	Baby bear is coming	Weeks 6-14	Mama + Papa	mama and papa bear with a tiny cub silhouette represented as a glowing heart shape between them	hopeful	muted sage	T02 Couple Hero	Core	008_pregnancy_baby_bear_is_coming.png
LC-009	Pregnancy	Before you arrived	Discovery	And then there were three	Weeks 8-14	Mama + Papa	two parent bears with a tiny baby cub icon nestled between their paws	joyful	muted sage	T02 Couple Hero	Core	009_pregnancy_and_then_there_were_three.png
LC-010	Pregnancy	Before you arrived	Discovery	Our little secret	Weeks 4-12	Mama + Papa	mama and papa bear whispering under soft stars	playful quiet	muted sage	T02 Couple Hero	Core	010_pregnancy_our_little_secret.png
LC-011	Pregnancy	Before you arrived	Medical & Memories	First doctor visit	Weeks 6-12	Mama + Papa	mama and papa bear walking paw-in-paw with a tiny medical bag icon beside them	calm	pale beige	T02 Couple Hero	Core	011_pregnancy_first_doctor_visit.png
LC-012	Pregnancy	Before you arrived	Medical & Memories	First ultrasound	Weeks 6-14	Mama + Papa	mama and papa bear holding a small blank photo frame with moon and star shapes inside	amazed	pale beige	T02 Couple Hero	Core	012_pregnancy_first_ultrasound.png
LC-013	Pregnancy	Before you arrived	Medical & Memories	We saw you today	Weeks 6-14	Mama + Papa	parent bears looking at a blank little frame with tiny sparkle	wonder	pale beige	T02 Couple Hero	Core	013_pregnancy_we_saw_you_today.png
LC-014	Pregnancy	Before you arrived	Medical & Memories	We heard your heartbeat	Weeks 8-16	Mama + Papa	papa bear gently listening near mama bear's belly while mama bear smiles	soft awe	pale beige	T02 Couple Hero	Core	014_pregnancy_we_heard_your_heartbeat.png
LC-015	Pregnancy	Before you arrived	Medical & Memories	First kick	Weeks 18-24	Mama + Papa	mama bear touching belly with a small sparkle burst near it	surprised happy	pale beige	T02 Couple Hero	Core	015_pregnancy_first_kick.png
LC-016	Pregnancy	Before you arrived	Medical & Memories	You kicked for Papa	Weeks 20-30	Mama + Papa	papa bear's paw resting gently near mama bear's belly, both smiling	proud	pale beige	T02 Couple Hero	Core	016_pregnancy_you_kicked_for_papa.png
LC-017	Pregnancy	Before you arrived	Medical & Memories	You kicked for Mama	Weeks 20-30	Mama + Papa	mama bear looking down at belly with soft sparkle accents	loving	pale beige	T02 Couple Hero	Core	017_pregnancy_you_kicked_for_mama.png
LC-018	Pregnancy	Before you arrived	Medical & Memories	First bump photo	Weeks 12-20	Mama + Papa	mama bear side pose with papa bear holding a tiny camera icon	gentle	pale beige	T02 Couple Hero	Core	018_pregnancy_first_bump_photo.png
LC-019	Pregnancy	Before you arrived	Medical & Memories	The bump is growing	Weeks 16-32	Mama + Papa	mama bear side pose with a soft ribbon shape nearby, no markings	content	pale beige	T02 Couple Hero	Core	019_pregnancy_the_bump_is_growing.png
LC-020	Pregnancy	Before you arrived	Medical & Memories	Halfway there	Week 20	Mama + Papa	mama and papa bear standing together under a half moon	proud	pale beige	T02 Couple Hero	Core	020_pregnancy_halfway_there.png
LC-021	Pregnancy	Before you arrived	Medical & Memories	We chose your name	Anytime	Mama + Papa	mama and papa bear holding a blank little name card shape with no text	warm	pale beige	T02 Couple Hero	Core	021_pregnancy_we_chose_your_name.png
LC-022	Pregnancy	Before you arrived	Medical & Memories	We felt you move	Weeks 18-28	Mama + Papa	tiny sparkles around mama bear's belly while papa bear watches	wonder	pale beige	T02 Couple Hero	Core	022_pregnancy_we_felt_you_move.png
LC-023	Pregnancy	Before you arrived	Pregnancy Monthly	One month pregnant	Month 1	Mama + Papa	mama bear with subtly growing pregnancy belly, papa bear nearby with gentle supportive pose, monthly keepsake mood 1	calm	dusty cream	T03 Month Marker	Core	023_pregnancy_one_month_pregnant.png
LC-024	Pregnancy	Before you arrived	Pregnancy Monthly	Two months pregnant	Month 2	Mama + Papa	mama bear with subtly growing pregnancy belly, papa bear nearby with gentle supportive pose, monthly keepsake mood 2	calm	dusty cream	T03 Month Marker	Core	024_pregnancy_two_months_pregnant.png
LC-025	Pregnancy	Before you arrived	Pregnancy Monthly	Three months pregnant	Month 3	Mama + Papa	mama bear with subtly growing pregnancy belly, papa bear nearby with gentle supportive pose, monthly keepsake mood 3	calm	dusty cream	T03 Month Marker	Core	025_pregnancy_three_months_pregnant.png
LC-026	Pregnancy	Before you arrived	Pregnancy Monthly	Four months pregnant	Month 4	Mama + Papa	mama bear with subtly growing pregnancy belly, papa bear nearby with gentle supportive pose, monthly keepsake mood 4	calm	dusty cream	T03 Month Marker	Core	026_pregnancy_four_months_pregnant.png
LC-027	Pregnancy	Before you arrived	Pregnancy Monthly	Five months pregnant	Month 5	Mama + Papa	mama bear with subtly growing pregnancy belly, papa bear nearby with gentle supportive pose, monthly keepsake mood 5	calm	dusty cream	T03 Month Marker	Core	027_pregnancy_five_months_pregnant.png
LC-028	Pregnancy	Before you arrived	Pregnancy Monthly	Six months pregnant	Month 6	Mama + Papa	mama bear with subtly growing pregnancy belly, papa bear nearby with gentle supportive pose, monthly keepsake mood 6	calm	dusty cream	T03 Month Marker	Core	028_pregnancy_six_months_pregnant.png
LC-029	Pregnancy	Before you arrived	Pregnancy Monthly	Seven months pregnant	Month 7	Mama + Papa	mama bear with subtly growing pregnancy belly, papa bear nearby with gentle supportive pose, monthly keepsake mood 7	calm	dusty cream	T03 Month Marker	Core	029_pregnancy_seven_months_pregnant.png
LC-030	Pregnancy	Before you arrived	Pregnancy Monthly	Eight months pregnant	Month 8	Mama + Papa	mama bear with subtly growing pregnancy belly, papa bear nearby with gentle supportive pose, monthly keepsake mood 8	calm	dusty cream	T03 Month Marker	Core	030_pregnancy_eight_months_pregnant.png
LC-031	Pregnancy	Before you arrived	Pregnancy Monthly	Nine months pregnant	Month 9	Mama + Papa	mama bear with subtly growing pregnancy belly, papa bear nearby with gentle supportive pose, monthly keepsake mood 9	calm	dusty cream	T03 Month Marker	Core	031_pregnancy_nine_months_pregnant.png
LC-032	Pregnancy	Before you arrived	Countdown	First trimester	Weeks 1-13	Mama + Papa	tender pregnancy countdown scene for 'first trimester' with moon, small stars and eucalyptus accents	anticipation	warm oat	T04 Countdown	Core	032_pregnancy_first_trimester.png
LC-033	Pregnancy	Before you arrived	Countdown	Second trimester	Weeks 14-27	Mama + Papa	tender pregnancy countdown scene for 'second trimester' with moon, small stars and eucalyptus accents	anticipation	warm oat	T04 Countdown	Core	033_pregnancy_second_trimester.png
LC-034	Pregnancy	Before you arrived	Countdown	Third trimester	Weeks 28-birth	Mama + Papa	tender pregnancy countdown scene for 'third trimester' with moon, small stars and eucalyptus accents	anticipation	warm oat	T04 Countdown	Core	034_pregnancy_third_trimester.png
LC-035	Pregnancy	Before you arrived	Countdown	100 days to go	Approx week 26	Mama + Papa	tender pregnancy countdown scene for '100 days to go' with moon, small stars and eucalyptus accents	anticipation	warm oat	T04 Countdown	Core	035_pregnancy_100_days_to_go.png
LC-036	Pregnancy	Before you arrived	Countdown	50 days to go	Approx week 33	Mama + Papa	tender pregnancy countdown scene for '50 days to go' with moon, small stars and eucalyptus accents	anticipation	warm oat	T04 Countdown	Core	036_pregnancy_50_days_to_go.png
LC-037	Pregnancy	Before you arrived	Countdown	30 days to go	Approx week 35	Mama + Papa	tender pregnancy countdown scene for '30 days to go' with moon, small stars and eucalyptus accents	anticipation	warm oat	T04 Countdown	Core	037_pregnancy_30_days_to_go.png
LC-038	Pregnancy	Before you arrived	Countdown	10 days to go	Final weeks	Mama + Papa	tender pregnancy countdown scene for '10 days to go' with moon, small stars and eucalyptus accents	anticipation	warm oat	T04 Countdown	Core	038_pregnancy_10_days_to_go.png
LC-039	Pregnancy	Before you arrived	Countdown	Due date today	Due date	Mama + Papa	tender pregnancy countdown scene for 'due date today' with moon, small stars and eucalyptus accents	anticipation	warm oat	T04 Countdown	Core	039_pregnancy_due_date_today.png
LC-040	Pregnancy	Before you arrived	Countdown	Any day now	Final days	Mama + Papa	tender pregnancy countdown scene for 'any day now' with moon, small stars and eucalyptus accents	anticipation	warm oat	T04 Countdown	Core	040_pregnancy_any_day_now.png
LC-041	Pregnancy	Before you arrived	Countdown	Last bump photo	Final days	Mama + Papa	tender pregnancy countdown scene for 'last bump photo' with moon, small stars and eucalyptus accents	anticipation	warm oat	T04 Countdown	Core	041_pregnancy_last_bump_photo.png
LC-042	Pregnancy	Before you arrived	Countdown	Our final days as two	Final days	Mama + Papa	tender pregnancy countdown scene for 'our final days as two' with moon, small stars and eucalyptus accents	anticipation	warm oat	T04 Countdown	Core	042_pregnancy_our_final_days_as_two.png
LC-043	Pregnancy	Before you arrived	Countdown	Ready to meet you	Final days	Mama + Papa	tender pregnancy countdown scene for 'ready to meet you' with moon, small stars and eucalyptus accents	anticipation	warm oat	T04 Countdown	Core	043_pregnancy_ready_to_meet_you.png
LC-044	Pregnancy	Before you arrived	Countdown	Waiting for you	Final days	Mama + Papa	tender pregnancy countdown scene for 'waiting for you' with moon, small stars and eucalyptus accents	anticipation	warm oat	T04 Countdown	Core	044_pregnancy_waiting_for_you.png
LC-045	Pregnancy	Before you arrived	Celebration	We announced you	Weeks 12-20	Mama + Papa	mama and papa bear under gentle celebratory sparkles	joyful	soft blush	T05 Celebration	Core	045_pregnancy_we_announced_you.png
LC-046	Pregnancy	Before you arrived	Celebration	Gender reveal day	Anytime	Mama + Papa	mama and papa bear holding a sealed blank envelope, no symbols or text	joyful	soft blush	T05 Celebration	Core	046_pregnancy_gender_reveal_day.png
LC-047	Pregnancy	Before you arrived	Celebration	It's a boy	Anytime	Mama + Papa	parent bears with soft blue-neutral ribbon accents, no text	joyful	soft blush	T05 Celebration	Core	047_pregnancy_it_s_a_boy.png
LC-048	Pregnancy	Before you arrived	Celebration	It's a girl	Anytime	Mama + Papa	parent bears with dusty-rose ribbon accents, no text	joyful	soft blush	T05 Celebration	Core	048_pregnancy_it_s_a_girl.png
LC-049	Pregnancy	Before you arrived	Celebration	Baby shower day	Third trimester	Mama + Papa	mama and papa bear surrounded by soft gift boxes and eucalyptus	joyful	soft blush	T05 Celebration	Core	049_pregnancy_baby_shower_day.png
LC-050	Pregnancy	Before you arrived	Celebration	Blessed by family	Anytime	Mama + Papa	parent bears encircled by tiny heart shapes	joyful	soft blush	T05 Celebration	Core	050_pregnancy_blessed_by_family.png
LC-051	Pregnancy	Before you arrived	Celebration	Nursery planning	Third trimester	Mama + Papa	mama and papa bear beside a tiny crib outline and moon	joyful	soft blush	T05 Celebration	Core	051_pregnancy_nursery_planning.png
LC-052	Pregnancy	Before you arrived	Celebration	Nursery is ready	Third trimester	Mama + Papa	empty cozy crib with mama and papa bear standing nearby	joyful	soft blush	T05 Celebration	Core	052_pregnancy_nursery_is_ready.png
LC-053	Pregnancy	Before you arrived	Celebration	Hospital bag packed	Final month	Mama + Papa	papa bear holding a small soft hospital bag, mama bear smiling	joyful	soft blush	T05 Celebration	Core	053_pregnancy_hospital_bag_packed.png
LC-054	Pregnancy	Before you arrived	Celebration	Maternity photoshoot	Third trimester	Mama + Papa	mama bear in graceful side pose with floral eucalyptus sprig	joyful	soft blush	T05 Celebration	Core	054_pregnancy_maternity_photoshoot.png
LC-055	Baby	Newborn days	Birth & Hospital	I am here	Birth day	Baby cub	newborn cub wrapped in a soft blanket, eyes peacefully closed	peaceful	cream beige	T06 Newborn	Core	055_baby_i_am_here.png
LC-056	Baby	Newborn days	Birth & Hospital	Hello world	Birth day	Baby cub	newborn cub swaddled and centered with tiny moon and star accents	sleepy	cream beige	T06 Newborn	Core	056_baby_hello_world.png
LC-057	Baby	Newborn days	Birth & Hospital	Born today	Birth day	Baby cub	baby cub sleeping on a soft cloud-like blanket	serene	cream beige	T06 Newborn	Core	057_baby_born_today.png
LC-058	Baby	Newborn days	Birth & Hospital	My birth story	Birth day	Baby cub	blank keepsake page mood with tiny sleeping cub and large empty journaling space	quiet	cream beige	T06 Newborn	Core	058_baby_my_birth_story.png
LC-059	Baby	Newborn days	Birth & Hospital	My name is...	Birth day	Baby cub	baby cub beside a blank name-card shape with no writing	curious	cream beige	T06 Newborn	Core	059_baby_my_name_is.png
LC-060	Baby	Newborn days	Birth & Hospital	First family photo	Birth day	Family bears	mama and papa bear gently holding newborn baby cub in center	loving	cream beige	T06 Newborn	Core	060_baby_first_family_photo.png
LC-061	Baby	Newborn days	Birth & Hospital	First cuddle with Mama	Birth day	Mama bear + baby cub	mama bear cradling tiny baby cub close to chest	tender	cream beige	T06 Newborn	Core	061_baby_first_cuddle_with_mama.png
LC-062	Baby	Newborn days	Birth & Hospital	First cuddle with Papa	Birth day	Papa bear + baby cub	papa bear cradling tiny baby cub with protective gentle posture	proud	cream beige	T06 Newborn	Core	062_baby_first_cuddle_with_papa.png
LC-063	Baby	Newborn days	Birth & Hospital	First feed	Newborn	Mama bear + baby cub	mama bear holding baby cub in a nurturing feeding cuddle, subtle bottle/breastfeeding-neutral composition	calm	cream beige	T06 Newborn	Core	063_baby_first_feed.png
LC-064	Baby	Newborn days	Birth & Hospital	First nap	Newborn	Baby cub	baby cub sleeping curled up on soft blanket	sleepy	cream beige	T06 Newborn	Core	064_baby_first_nap.png
LC-065	Baby	Newborn days	Birth & Hospital	Going home today	Hospital discharge	Family bears	mama and papa bear with baby cub and a tiny soft travel bag	happy	cream beige	T06 Newborn	Core	065_baby_going_home_today.png
LC-066	Baby	Newborn days	Birth & Hospital	My first night home	Newborn	Baby cub	baby cub asleep under crescent moon with tiny stars	peaceful	cream beige	T06 Newborn	Core	066_baby_my_first_night_home.png
LC-067	Baby	Newborn days	Birth & Hospital	My first bath	Newborn	Baby cub	baby cub wrapped in soft towel with small water droplet accents	fresh	cream beige	T06 Newborn	Core	067_baby_my_first_bath.png
LC-068	Baby	Newborn days	Birth & Hospital	My first visitors	Newborn	Baby cub	baby cub surrounded by tiny heart shapes and soft sparkle accents	loved	cream beige	T06 Newborn	Core	068_baby_my_first_visitors.png
LC-069	Baby	Newborn days	Birth & Hospital	My first doctor visit	Newborn	Baby cub	baby cub wrapped in blanket with tiny medical bag icon nearby	calm	cream beige	T06 Newborn	Core	069_baby_my_first_doctor_visit.png
LC-070	Baby	Newborn days	Birth & Hospital	My tiny hands	Newborn	Baby cub	baby cub holding tiny paws forward, paw-print inspired composition	sweet	cream beige	T06 Newborn	Core	070_baby_my_tiny_hands.png
LC-071	Baby	Newborn days	Birth & Hospital	My tiny feet	Newborn	Baby cub	baby cub showing tiny feet with dusty-rose paw pads	sweet	cream beige	T06 Newborn	Core	071_baby_my_tiny_feet.png
LC-072	Baby	Newborn days	Birth & Hospital	My hospital bracelet	Newborn	Baby cub	baby cub beside a blank keepsake bracelet shape with no text	keepsake	cream beige	T06 Newborn	Core	072_baby_my_hospital_bracelet.png
LC-073	Baby	Newborn days	Birth & Hospital	My first outfit	Newborn	Baby cub	baby cub beside a tiny onesie shape, no text or logos	cute	cream beige	T06 Newborn	Core	073_baby_my_first_outfit.png
LC-074	Baby	Newborn days	Birth & Hospital	My first blanket	Newborn	Baby cub	baby cub wrapped in a soft patterned blanket, no text	cozy	cream beige	T06 Newborn	Core	074_baby_my_first_blanket.png
LC-075	Baby	Newborn days	Day & Week Markers	One day old	Day 1	Baby cub	newborn baby cub in a simple calm pose for one day old milestone, with minimal eucalyptus and sparkles	sleepy	pale sage	T07 Age Marker	Core	075_baby_one_day_old.png
LC-076	Baby	Newborn days	Day & Week Markers	Two days old	Day 2	Baby cub	newborn baby cub in a simple calm pose for two days old milestone, with minimal eucalyptus and sparkles	sleepy	pale sage	T07 Age Marker	Core	076_baby_two_days_old.png
LC-077	Baby	Newborn days	Day & Week Markers	Three days old	Day 3	Baby cub	newborn baby cub in a simple calm pose for three days old milestone, with minimal eucalyptus and sparkles	sleepy	pale sage	T07 Age Marker	Core	077_baby_three_days_old.png
LC-078	Baby	Newborn days	Day & Week Markers	Four days old	Day 4	Baby cub	newborn baby cub in a simple calm pose for four days old milestone, with minimal eucalyptus and sparkles	sleepy	pale sage	T07 Age Marker	Core	078_baby_four_days_old.png
LC-079	Baby	Newborn days	Day & Week Markers	Five days old	Day 5	Baby cub	newborn baby cub in a simple calm pose for five days old milestone, with minimal eucalyptus and sparkles	sleepy	pale sage	T07 Age Marker	Core	079_baby_five_days_old.png
LC-080	Baby	Newborn days	Day & Week Markers	Six days old	Day 6	Baby cub	newborn baby cub in a simple calm pose for six days old milestone, with minimal eucalyptus and sparkles	sleepy	pale sage	T07 Age Marker	Core	080_baby_six_days_old.png
LC-081	Baby	Newborn days	Day & Week Markers	One week old	Week 1	Baby cub	newborn baby cub in a simple calm pose for one week old milestone, with minimal eucalyptus and sparkles	sleepy	pale sage	T07 Age Marker	Core	081_baby_one_week_old.png
LC-082	Baby	Newborn days	Day & Week Markers	Two weeks old	Week 2	Baby cub	newborn baby cub in a simple calm pose for two weeks old milestone, with minimal eucalyptus and sparkles	sleepy	pale sage	T07 Age Marker	Core	082_baby_two_weeks_old.png
LC-083	Baby	Newborn days	Day & Week Markers	Three weeks old	Week 3	Baby cub	newborn baby cub in a simple calm pose for three weeks old milestone, with minimal eucalyptus and sparkles	sleepy	pale sage	T07 Age Marker	Core	083_baby_three_weeks_old.png
LC-084	Baby	Newborn days	Day & Week Markers	Four weeks old	Week 4	Baby cub	newborn baby cub in a simple calm pose for four weeks old milestone, with minimal eucalyptus and sparkles	sleepy	pale sage	T07 Age Marker	Core	084_baby_four_weeks_old.png
LC-085	Baby	Newborn days	Newborn Journal	Today I weighed...	Newborn	Baby cub	baby cub with large empty space for journaling, theme: today i weighed...	gentle	warm cream	T08 Journal	Core	085_baby_today_i_weighed.png
LC-086	Baby	Newborn days	Newborn Journal	Today I measured...	Newborn	Baby cub	baby cub with large empty space for journaling, theme: today i measured...	gentle	warm cream	T08 Journal	Core	086_baby_today_i_measured.png
LC-087	Baby	Newborn days	Newborn Journal	Today I changed so much	Newborn	Baby cub	baby cub with large empty space for journaling, theme: today i changed so much	gentle	warm cream	T08 Journal	Core	087_baby_today_i_changed_so_much.png
LC-088	Baby	Newborn days	Newborn Journal	My first smiley photo	Newborn	Baby cub	baby cub with large empty space for journaling, theme: my first smiley photo	gentle	warm cream	T08 Journal	Core	088_baby_my_first_smiley_photo.png
LC-089	Baby	Newborn days	Newborn Journal	My first sleepy photo	Newborn	Baby cub	baby cub with large empty space for journaling, theme: my first sleepy photo	gentle	warm cream	T08 Journal	Core	089_baby_my_first_sleepy_photo.png
LC-090	Baby	Monthly growth	Age Markers	One month old	One month old	Baby cub	baby cub lying on tummy, matching monthly growth card mood	happy	muted pastel	T03 Month Marker	Core	090_baby_one_month_old.png
LC-091	Baby	Monthly growth	Age Markers	Two months old	Two months old	Baby cub	baby cub smiling softly, matching monthly growth card mood	happy	muted pastel	T03 Month Marker	Core	091_baby_two_months_old.png
LC-092	Baby	Monthly growth	Age Markers	Three months old	Three months old	Baby cub	baby cub reaching upward, matching monthly growth card mood	happy	muted pastel	T03 Month Marker	Core	092_baby_three_months_old.png
LC-093	Baby	Monthly growth	Age Markers	Four months old	Four months old	Baby cub	baby cub holding a tiny rattle, matching monthly growth card mood	happy	muted pastel	T03 Month Marker	Core	093_baby_four_months_old.png
LC-094	Baby	Monthly growth	Age Markers	Five months old	Five months old	Baby cub	baby cub sitting upright, matching monthly growth card mood	happy	muted pastel	T03 Month Marker	Core	094_baby_five_months_old.png
LC-095	Baby	Monthly growth	Age Markers	Six months old	Six months old	Baby cub	baby cub playing with soft blocks, matching monthly growth card mood	happy	muted pastel	T03 Month Marker	Core	095_baby_six_months_old.png
LC-096	Baby	Monthly growth	Age Markers	Seven months old	Seven months old	Baby cub	baby cub crawling gently, matching monthly growth card mood	happy	muted pastel	T03 Month Marker	Core	096_baby_seven_months_old.png
LC-097	Baby	Monthly growth	Age Markers	Eight months old	Eight months old	Baby cub	baby cub clapping paws, matching monthly growth card mood	happy	muted pastel	T03 Month Marker	Core	097_baby_eight_months_old.png
LC-098	Baby	Monthly growth	Age Markers	Nine months old	Nine months old	Baby cub	baby cub standing with support, matching monthly growth card mood	happy	muted pastel	T03 Month Marker	Core	098_baby_nine_months_old.png
LC-099	Baby	Monthly growth	Age Markers	Ten months old	Ten months old	Baby cub	baby cub peeking from blanket, matching monthly growth card mood	happy	muted pastel	T03 Month Marker	Core	099_baby_ten_months_old.png
LC-100	Baby	Monthly growth	Age Markers	Eleven months old	Eleven months old	Baby cub	baby cub waving gently, matching monthly growth card mood	happy	muted pastel	T03 Month Marker	Core	100_baby_eleven_months_old.png
LC-101	Baby	Monthly growth	Age Markers	One year old	One year old	Baby cub	baby cub with tiny birthday cake, matching monthly growth card mood	happy	muted pastel	T03 Month Marker	Core	101_baby_one_year_old.png
LC-102	Baby	Monthly growth	Age Markers	Thirteen months old	Thirteen months old	Baby cub	baby cub walking with small toy, matching monthly growth card mood	happy	muted pastel	T03 Month Marker	Core	102_baby_thirteen_months_old.png
LC-103	Baby	Monthly growth	Age Markers	Fourteen months old	Fourteen months old	Baby cub	baby cub holding a board book, matching monthly growth card mood	happy	muted pastel	T03 Month Marker	Core	103_baby_fourteen_months_old.png
LC-104	Baby	Monthly growth	Age Markers	Fifteen months old	Fifteen months old	Baby cub	baby cub stacking soft blocks, matching monthly growth card mood	happy	muted pastel	T03 Month Marker	Core	104_baby_fifteen_months_old.png
LC-105	Baby	Monthly growth	Age Markers	Sixteen months old	Sixteen months old	Baby cub	baby cub hugging blanket, matching monthly growth card mood	happy	muted pastel	T03 Month Marker	Core	105_baby_sixteen_months_old.png
LC-106	Baby	Monthly growth	Age Markers	Seventeen months old	Seventeen months old	Baby cub	baby cub pointing at a leaf, matching monthly growth card mood	happy	muted pastel	T03 Month Marker	Core	106_baby_seventeen_months_old.png
LC-107	Baby	Monthly growth	Age Markers	Eighteen months old	Eighteen months old	Baby cub	baby cub carrying teddy, matching monthly growth card mood	happy	muted pastel	T03 Month Marker	Core	107_baby_eighteen_months_old.png
LC-108	Baby	Monthly growth	Age Markers	Nineteen months old	Nineteen months old	Baby cub	baby cub running tiny steps, matching monthly growth card mood	happy	muted pastel	T03 Month Marker	Core	108_baby_nineteen_months_old.png
LC-109	Baby	Monthly growth	Age Markers	Twenty months old	Twenty months old	Baby cub	baby cub exploring a toy basket, matching monthly growth card mood	happy	muted pastel	T03 Month Marker	Core	109_baby_twenty_months_old.png
LC-110	Baby	Monthly growth	Age Markers	Twenty-one months old	Twenty-one months old	Baby cub	baby cub dancing softly, matching monthly growth card mood	happy	muted pastel	T03 Month Marker	Core	110_baby_twenty_one_months_old.png
LC-111	Baby	Monthly growth	Age Markers	Twenty-two months old	Twenty-two months old	Baby cub	baby cub holding a crayon, matching monthly growth card mood	happy	muted pastel	T03 Month Marker	Core	111_baby_twenty_two_months_old.png
LC-112	Baby	Monthly growth	Age Markers	Twenty-three months old	Twenty-three months old	Baby cub	baby cub wearing tiny shoes, matching monthly growth card mood	happy	muted pastel	T03 Month Marker	Core	112_baby_twenty_three_months_old.png
LC-113	Baby	Monthly growth	Age Markers	Two years old	Two years old	Baby cub	baby cub celebrating with subtle party hat, matching monthly growth card mood	happy	muted pastel	T03 Month Marker	Core	113_baby_two_years_old.png
LC-114	Baby	Monthly growth	Age Extras	I am one	12 months	Baby cub	baby cub with tiny cake and one soft candle shape without number	happy	dusty cream	T09 Summary	Core	114_baby_i_am_one.png
LC-115	Baby	Monthly growth	Age Extras	My first birthday	12 months	Baby cub	baby cub with party hat, tiny cake and soft confetti sparkles	happy	dusty cream	T09 Summary	Core	115_baby_my_first_birthday.png
LC-116	Baby	Monthly growth	Age Extras	I am two	24 months	Baby cub	toddler cub standing proudly with tiny party hat and soft balloon shapes	happy	dusty cream	T09 Summary	Core	116_baby_i_am_two.png
LC-117	Baby	Monthly growth	Age Extras	My second birthday	24 months	Baby cub	toddler cub clapping near a small cake with no readable writing	happy	dusty cream	T09 Summary	Core	117_baby_my_second_birthday.png
LC-118	Baby	Monthly growth	Age Extras	Look how I've grown	Any month	Baby cub	baby cub beside soft height-mark style lines with no numbers	happy	dusty cream	T09 Summary	Core	118_baby_look_how_i_ve_grown.png
LC-119	Baby	Monthly growth	Age Extras	My monthly photo	Any month	Baby cub	baby cub beside blank photo-frame shape with no text	happy	dusty cream	T09 Summary	Core	119_baby_my_monthly_photo.png
LC-120	Baby	Monthly growth	Age Extras	My favourite toy	Any month	Baby cub	baby cub hugging a soft plush toy	happy	dusty cream	T09 Summary	Core	120_baby_my_favourite_toy.png
LC-121	Baby	Monthly growth	Age Extras	My favourite food	Any month	Baby cub	baby cub beside tiny bowl and spoon	happy	dusty cream	T09 Summary	Core	121_baby_my_favourite_food.png
LC-122	Baby	Monthly growth	Age Extras	My favourite word	Any month	Baby cub	baby cub with blank speech-bubble shape, no text	happy	dusty cream	T09 Summary	Core	122_baby_my_favourite_word.png
LC-123	Baby	Monthly growth	Age Extras	My little personality	Any month	Baby cub	baby cub sitting with playful gentle expression	happy	dusty cream	T09 Summary	Core	123_baby_my_little_personality.png
LC-124	Baby	Firsts	Developmental Firsts	I smiled	0-3 months	Baby cub	baby cub with small soft closed-mouth smile	calm smile	muted cream	T10 Firsts	Core	124_baby_i_smiled.png
LC-125	Baby	Firsts	Developmental Firsts	I laughed	2-5 months	Baby cub	baby cub giggling with eyes softly curved and mouth slightly open	giggling	muted cream	T10 Firsts	Core	125_baby_i_laughed.png
LC-126	Baby	Firsts	Developmental Firsts	I rolled over	3-6 months	Baby cub	baby cub rolling on a soft blanket	playful	muted cream	T10 Firsts	Core	126_baby_i_rolled_over.png
LC-127	Baby	Firsts	Developmental Firsts	I held my head up	2-5 months	Baby cub	baby cub on tummy holding head up proudly	proud	muted cream	T10 Firsts	Core	127_baby_i_held_my_head_up.png
LC-128	Baby	Firsts	Developmental Firsts	I sat up	4-8 months	Baby cub	baby cub sitting upright proudly	proud	muted cream	T10 Firsts	Core	128_baby_i_sat_up.png
LC-129	Baby	Firsts	Developmental Firsts	I crawled today	6-10 months	Baby cub	baby cub crawling gently forward	curious	muted cream	T10 Firsts	Core	129_baby_i_crawled_today.png
LC-130	Baby	Firsts	Developmental Firsts	I pulled myself up	7-11 months	Baby cub	baby cub holding onto soft crib rail shape	determined	muted cream	T10 Firsts	Core	130_baby_i_pulled_myself_up.png
LC-131	Baby	Firsts	Developmental Firsts	I stood up	8-12 months	Baby cub	baby cub standing with support from a eucalyptus branch	proud	muted cream	T10 Firsts	Core	131_baby_i_stood_up.png
LC-132	Baby	Firsts	Developmental Firsts	First steps	9-15 months	Baby cub	baby cub taking tiny steps forward	brave	muted cream	T10 Firsts	Core	132_baby_first_steps.png
LC-133	Baby	Firsts	Developmental Firsts	I walked today	10-18 months	Baby cub	baby cub walking with tiny arms open	happy	muted cream	T10 Firsts	Core	133_baby_i_walked_today.png
LC-134	Baby	Firsts	Developmental Firsts	I ran today	14-24 months	Baby cub	toddler cub doing tiny running steps	excited	muted cream	T10 Firsts	Core	134_baby_i_ran_today.png
LC-135	Baby	Firsts	Developmental Firsts	I climbed today	12-24 months	Baby cub	toddler cub climbing a soft cushion shape	mischievous	muted cream	T10 Firsts	Core	135_baby_i_climbed_today.png
LC-136	Baby	Firsts	Developmental Firsts	I waved hello	5-10 months	Baby cub	baby cub waving one tiny paw	friendly	muted cream	T10 Firsts	Core	136_baby_i_waved_hello.png
LC-137	Baby	Firsts	Developmental Firsts	I clapped today	6-12 months	Baby cub	baby cub clapping paws	happy	muted cream	T10 Firsts	Core	137_baby_i_clapped_today.png
LC-138	Baby	Firsts	Developmental Firsts	I pointed today	8-14 months	Baby cub	baby cub pointing at a small leaf	curious	muted cream	T10 Firsts	Core	138_baby_i_pointed_today.png
LC-139	Baby	Firsts	Developmental Firsts	My first word	8-18 months	Baby cub	baby cub with blank speech bubble shape, no text	surprised	muted cream	T10 Firsts	Core	139_baby_my_first_word.png
LC-140	Baby	Firsts	Developmental Firsts	I said Mama	8-18 months	Baby cub	baby cub leaning toward mama bear, blank speech bubble no text	loving	muted cream	T10 Firsts	Core	140_baby_i_said_mama.png
LC-141	Baby	Firsts	Developmental Firsts	I said Papa	8-18 months	Baby cub	baby cub leaning toward papa bear, blank speech bubble no text	loving	muted cream	T10 Firsts	Core	141_baby_i_said_papa.png
LC-142	Baby	Firsts	Developmental Firsts	First tooth	4-12 months	Baby cub	baby cub with tiny tooth icon beside cheek, no text	sweet	muted cream	T10 Firsts	Core	142_baby_first_tooth.png
LC-143	Baby	Firsts	Developmental Firsts	First haircut	6-24 months	Baby cub	baby cub with tiny comb and soft hair tuft	curious	muted cream	T10 Firsts	Core	143_baby_first_haircut.png
LC-144	Baby	Firsts	Developmental Firsts	Slept through the night	0-12 months	Baby cub	baby cub sleeping on crescent moon	peaceful	muted cream	T10 Firsts	Core	144_baby_slept_through_the_night.png
LC-145	Baby	Firsts	Developmental Firsts	First foods	4-8 months	Baby cub	baby cub with tiny bowl and spoon	curious	muted cream	T10 Firsts	Core	145_baby_first_foods.png
LC-146	Baby	Firsts	Developmental Firsts	Tried a new food	6-24 months	Baby cub	baby cub tasting from tiny bowl with surprised expression	surprised	muted cream	T10 Firsts	Core	146_baby_tried_a_new_food.png
LC-147	Baby	Firsts	Developmental Firsts	Drank from a cup	6-18 months	Baby cub	baby cub holding tiny cup	proud	muted cream	T10 Firsts	Core	147_baby_drank_from_a_cup.png
LC-148	Baby	Firsts	Developmental Firsts	Used a spoon	9-24 months	Baby cub	baby cub holding tiny spoon with messy cheeks	playful	muted cream	T10 Firsts	Core	148_baby_used_a_spoon.png
LC-149	Baby	Firsts	Developmental Firsts	Made a mess today	6-24 months	Baby cub	baby cub with tiny food smudges and bowl	cheeky	muted cream	T10 Firsts	Core	149_baby_made_a_mess_today.png
LC-150	Baby	Firsts	Developmental Firsts	I danced today	9-24 months	Baby cub	baby cub dancing with tiny music-note-like shapes, no letters	happy	muted cream	T10 Firsts	Core	150_baby_i_danced_today.png
LC-151	Baby	Firsts	Developmental Firsts	I sang today	10-24 months	Baby cub	baby cub with open mouth and soft sound-wave shapes, no letters	joyful	muted cream	T10 Firsts	Core	151_baby_i_sang_today.png
LC-152	Baby	Firsts	Developmental Firsts	Played peekaboo	4-12 months	Baby cub	baby cub peeking from behind blanket	playful	muted cream	T10 Firsts	Core	152_baby_played_peekaboo.png
LC-153	Baby	Firsts	Developmental Firsts	First kiss	6-18 months	Baby cub	baby cub giving tiny heart-shaped kiss gesture	loving	muted cream	T10 Firsts	Core	153_baby_first_kiss.png
LC-154	Baby	Firsts	Developmental Firsts	First hug	6-18 months	Baby cub	baby cub hugging teddy	loving	muted cream	T10 Firsts	Core	154_baby_first_hug.png
LC-155	Baby	Firsts	Developmental Firsts	Made a new friend	6-24 months	Baby cub	two baby cubs sitting together	friendly	muted cream	T10 Firsts	Core	155_baby_made_a_new_friend.png
LC-156	Baby	Firsts	Developmental Firsts	First playdate	6-24 months	Baby cub	two baby cubs sharing soft blocks	happy	muted cream	T10 Firsts	Core	156_baby_first_playdate.png
LC-157	Baby	Firsts	Developmental Firsts	First park day	0-24 months	Baby cub	baby cub sitting near tiny leaf and outdoor blanket	curious	muted cream	T10 Firsts	Core	157_baby_first_park_day.png
LC-158	Baby	Firsts	Developmental Firsts	First swim	6-24 months	Baby cub	baby cub with towel and soft water ripples	brave	muted cream	T10 Firsts	Core	158_baby_first_swim.png
LC-159	Baby	Firsts	Developmental Firsts	First beach day	0-24 months	Baby cub	baby cub beside tiny sand bucket and shell shapes	sunny	muted cream	T10 Firsts	Core	159_baby_first_beach_day.png
LC-160	Baby	Firsts	Developmental Firsts	First road trip	0-24 months	Baby cub	baby cub with tiny suitcase and road curve shape	excited	muted cream	T10 Firsts	Core	160_baby_first_road_trip.png
LC-161	Baby	Firsts	Developmental Firsts	First flight	0-24 months	Baby cub	baby cub with small cloud and airplane-like paper shape, no logos	curious	muted cream	T10 Firsts	Core	161_baby_first_flight.png
LC-162	Baby	Firsts	Developmental Firsts	First holiday	0-24 months	Baby cub	baby cub with suitcase and moon/stars	happy	muted cream	T10 Firsts	Core	162_baby_first_holiday.png
LC-163	Baby	Firsts	Developmental Firsts	First festival	0-24 months	Baby cub	baby cub surrounded by soft celebratory sparkles	amazed	muted cream	T10 Firsts	Core	163_baby_first_festival.png
LC-164	Baby	Firsts	Developmental Firsts	First birthday party	12-24 months	Baby cub	baby cub with soft party hat and balloons	joyful	muted cream	T10 Firsts	Core	164_baby_first_birthday_party.png
LC-165	Baby	Firsts	Developmental Firsts	First daycare day	12-24 months	Baby cub	baby cub holding tiny backpack	brave	muted cream	T10 Firsts	Core	165_baby_first_daycare_day.png
LC-166	Baby	Firsts	Developmental Firsts	First school day	18-36 months	Baby cub	toddler cub with tiny backpack and book	proud	muted cream	T10 Firsts	Core	166_baby_first_school_day.png
LC-167	Baby	Firsts	Developmental Firsts	First artwork	10-24 months	Baby cub	baby cub holding crayon beside blank paper	creative	muted cream	T10 Firsts	Core	167_baby_first_artwork.png
LC-168	Baby	Firsts	Developmental Firsts	First book	0-24 months	Baby cub	baby cub looking at open blank picture book	curious	muted cream	T10 Firsts	Core	168_baby_first_book.png
LC-169	Baby	Firsts	Developmental Firsts	First shoes	8-18 months	Baby cub	baby cub beside tiny booties	proud	muted cream	T10 Firsts	Core	169_baby_first_shoes.png
LC-170	Baby	Firsts	Developmental Firsts	First rain	0-24 months	Baby cub	baby cub with tiny umbrella and soft raindrops	wonder	muted cream	T10 Firsts	Core	170_baby_first_rain.png
LC-171	Baby	Firsts	Developmental Firsts	First fever	0-24 months	Baby cub	baby cub wrapped in blanket with gentle thermometer-like icon, no numbers	tired	muted cream	T10 Firsts	Core	171_baby_first_fever.png
LC-172	Baby	Firsts	Developmental Firsts	I was brave today	Anytime	Baby cub	baby cub wearing tiny soft cape	brave	muted cream	T10 Firsts	Core	172_baby_i_was_brave_today.png
LC-173	Baby	Firsts	Developmental Firsts	First medicine	Anytime	Baby cub	baby cub beside small spoon and heart, no medical text	calm	muted cream	T10 Firsts	Core	173_baby_first_medicine.png
LC-174	Baby	Firsts	Developmental Firsts	First vaccine	Anytime	Baby cub	baby cub with tiny bandage shape and brave smile	brave	muted cream	T10 Firsts	Core	174_baby_first_vaccine.png
LC-175	Baby	About me	Personality & Everyday Magic	I found my hands	0-6 months	Baby cub	baby cub looking at tiny paws	curious	pale blush	T11 Everyday	Core	175_baby_i_found_my_hands.png
LC-176	Baby	About me	Personality & Everyday Magic	I found my feet	2-8 months	Baby cub	baby cub holding feet with soft smile	curious	pale blush	T11 Everyday	Core	176_baby_i_found_my_feet.png
LC-177	Baby	About me	Personality & Everyday Magic	I love tummy time	0-8 months	Baby cub	baby cub lying on tummy happily	happy	pale blush	T11 Everyday	Core	177_baby_i_love_tummy_time.png
LC-178	Baby	About me	Personality & Everyday Magic	I love cuddles	Anytime	Baby cub	baby cub hugging blanket	loving	pale blush	T11 Everyday	Core	178_baby_i_love_cuddles.png
LC-179	Baby	About me	Personality & Everyday Magic	I love bath time	Anytime	Baby cub	baby cub wrapped in towel with droplets	happy	pale blush	T11 Everyday	Core	179_baby_i_love_bath_time.png
LC-180	Baby	About me	Personality & Everyday Magic	I love story time	Anytime	Baby cub	baby cub with open blank book	peaceful	pale blush	T11 Everyday	Core	180_baby_i_love_story_time.png
LC-181	Baby	About me	Personality & Everyday Magic	I love nap time	Anytime	Baby cub	baby cub sleeping under tiny moon	sleepy	pale blush	T11 Everyday	Core	181_baby_i_love_nap_time.png
LC-182	Baby	About me	Personality & Everyday Magic	I love music	Anytime	Baby cub	baby cub listening with abstract sound shapes	happy	pale blush	T11 Everyday	Core	182_baby_i_love_music.png
LC-183	Baby	About me	Personality & Everyday Magic	I love dancing	Anytime	Baby cub	baby cub dancing softly	joyful	pale blush	T11 Everyday	Core	183_baby_i_love_dancing.png
LC-184	Baby	About me	Personality & Everyday Magic	I love food	6-24 months	Baby cub	baby cub with bowl and spoon	happy	pale blush	T11 Everyday	Core	184_baby_i_love_food.png
LC-185	Baby	About me	Personality & Everyday Magic	I love being outside	Anytime	Baby cub	baby cub near leaf and soft sun shape	curious	pale blush	T11 Everyday	Core	185_baby_i_love_being_outside.png
LC-186	Baby	About me	Personality & Everyday Magic	I love my blanket	Anytime	Baby cub	baby cub hugging blanket	cozy	pale blush	T11 Everyday	Core	186_baby_i_love_my_blanket.png
LC-187	Baby	About me	Personality & Everyday Magic	I love my teddy	Anytime	Baby cub	baby cub hugging tiny teddy	loving	pale blush	T11 Everyday	Core	187_baby_i_love_my_teddy.png
LC-188	Baby	About me	Personality & Everyday Magic	I love Mama	Anytime	Baby cub	baby cub cuddling mama bear	loving	pale blush	T11 Everyday	Core	188_baby_i_love_mama.png
LC-189	Baby	About me	Personality & Everyday Magic	I love Papa	Anytime	Baby cub	baby cub cuddling papa bear	loving	pale blush	T11 Everyday	Core	189_baby_i_love_papa.png
LC-190	Baby	About me	Personality & Everyday Magic	I am curious	Anytime	Baby cub	baby cub looking at eucalyptus leaf	curious	pale blush	T11 Everyday	Core	190_baby_i_am_curious.png
LC-191	Baby	About me	Personality & Everyday Magic	I am cheeky	Anytime	Baby cub	baby cub with playful side-smile	cheeky	pale blush	T11 Everyday	Core	191_baby_i_am_cheeky.png
LC-192	Baby	About me	Personality & Everyday Magic	I am brave	Anytime	Baby cub	baby cub standing proudly with tiny cape	brave	pale blush	T11 Everyday	Core	192_baby_i_am_brave.png
LC-193	Baby	About me	Personality & Everyday Magic	I am sleepy	Anytime	Baby cub	baby cub yawning softly	sleepy	pale blush	T11 Everyday	Core	193_baby_i_am_sleepy.png
LC-194	Baby	About me	Personality & Everyday Magic	I am happy	Anytime	Baby cub	baby cub smiling with rosy cheeks	happy	pale blush	T11 Everyday	Core	194_baby_i_am_happy.png
LC-195	Baby	About me	Personality & Everyday Magic	I am loved	Anytime	Baby cub	baby cub surrounded by small soft hearts	loved	pale blush	T11 Everyday	Core	195_baby_i_am_loved.png
LC-196	Baby	About me	Personality & Everyday Magic	I am growing fast	Anytime	Baby cub	baby cub beside soft height lines, no numbers	proud	pale blush	T11 Everyday	Core	196_baby_i_am_growing_fast.png
LC-197	Baby	About me	Personality & Everyday Magic	Tiny but mighty	Anytime	Baby cub	baby cub standing proudly with tiny star	proud	pale blush	T11 Everyday	Core	197_baby_tiny_but_mighty.png
LC-198	Baby	About me	Personality & Everyday Magic	I had a big day	Anytime	Baby cub	baby cub tired with blanket	tired	pale blush	T11 Everyday	Core	198_baby_i_had_a_big_day.png
LC-199	Baby	About me	Personality & Everyday Magic	I made everyone smile	Anytime	Baby cub	baby cub smiling brightly	happy	pale blush	T11 Everyday	Core	199_baby_i_made_everyone_smile.png
LC-200	Baby	About me	Personality & Everyday Magic	I discovered something new	Anytime	Baby cub	baby cub examining tiny flower	curious	pale blush	T11 Everyday	Core	200_baby_i_discovered_something_new.png
LC-201	Baby	About me	Personality & Everyday Magic	I made a funny face	Anytime	Baby cub	baby cub with silly gentle expression	playful	pale blush	T11 Everyday	Core	201_baby_i_made_a_funny_face.png
LC-202	Baby	About me	Personality & Everyday Magic	I had a messy meal	6-24 months	Baby cub	baby cub with bowl and soft food smudges	cheeky	pale blush	T11 Everyday	Core	202_baby_i_had_a_messy_meal.png
LC-203	Baby	About me	Personality & Everyday Magic	I had a sleepy day	Anytime	Baby cub	baby cub napping with moon	sleepy	pale blush	T11 Everyday	Core	203_baby_i_had_a_sleepy_day.png
LC-204	Baby	About me	Personality & Everyday Magic	I had a grumpy day	Anytime	Baby cub	baby cub with tiny pout but still cute	grumpy cute	pale blush	T11 Everyday	Core	204_baby_i_had_a_grumpy_day.png
LC-205	Baby	About me	Personality & Everyday Magic	I had a happy day	Anytime	Baby cub	baby cub smiling with sparkles	happy	pale blush	T11 Everyday	Core	205_baby_i_had_a_happy_day.png
LC-206	Baby	About me	Personality & Everyday Magic	Today I surprised everyone	Anytime	Baby cub	baby cub with raised brows and tiny sparkle	surprised	pale blush	T11 Everyday	Core	206_baby_today_i_surprised_everyone.png
LC-207	Baby	About me	Personality & Everyday Magic	Today I made us laugh	Anytime	Baby cub	baby cub giggling	giggling	pale blush	T11 Everyday	Core	207_baby_today_i_made_us_laugh.png
LC-208	Baby	About me	Personality & Everyday Magic	Today was special	Anytime	Baby cub	baby cub with soft heart and sparkle accents	warm	pale blush	T11 Everyday	Core	208_baby_today_was_special.png
LC-209	Baby	About me	Personality & Everyday Magic	A little moment to remember	Anytime	Baby cub	baby cub sitting quietly with eucalyptus sprig	peaceful	pale blush	T11 Everyday	Core	209_baby_a_little_moment_to_remember.png
LC-210	Baby	With family	Family Moments	Mama and me	Anytime	Family bears	mama bear cuddling baby cub	loving	warm oatmeal	T12 Family	Core	210_baby_mama_and_me.png
LC-211	Baby	With family	Family Moments	Papa and me	Anytime	Family bears	papa bear cuddling baby cub	protective	warm oatmeal	T12 Family	Core	211_baby_papa_and_me.png
LC-212	Baby	With family	Family Moments	Grandma and me	Anytime	Family bears	grandma bear holding baby cub softly	warm	warm oatmeal	T12 Family	Core	212_baby_grandma_and_me.png
LC-213	Baby	With family	Family Moments	Grandpa and me	Anytime	Family bears	grandpa bear reading to baby cub	warm	warm oatmeal	T12 Family	Core	213_baby_grandpa_and_me.png
LC-214	Baby	With family	Family Moments	My family	Anytime	Family bears	mama, papa and baby cub sitting together	loved	warm oatmeal	T12 Family	Core	214_baby_my_family.png
LC-215	Baby	With family	Family Moments	First family photo	Birth/Anytime	Family bears	family bears arranged in a photo-frame composition	happy	warm oatmeal	T12 Family	Core	215_baby_first_family_photo.png
LC-216	Baby	With family	Family Moments	First cousin photo	Anytime	Family bears	two small cubs sitting together in frame-like setup	friendly	warm oatmeal	T12 Family	Core	216_baby_first_cousin_photo.png
LC-217	Baby	With family	Family Moments	First sibling moment	Anytime	Family bears	older cub meeting baby cub gently	tender	warm oatmeal	T12 Family	Core	217_baby_first_sibling_moment.png
LC-218	Baby	With family	Family Moments	My favourite cuddle	Anytime	Family bears	baby cub nestled into parent bear arms	cozy	warm oatmeal	T12 Family	Core	218_baby_my_favourite_cuddle.png
LC-219	Baby	With family	Family Moments	Sunday with family	Anytime	Family bears	family bears on soft picnic blanket	peaceful	warm oatmeal	T12 Family	Core	219_baby_sunday_with_family.png
LC-220	Baby	With family	Family Moments	A day with Mama	Anytime	Family bears	mama bear walking with baby cub	loving	warm oatmeal	T12 Family	Core	220_baby_a_day_with_mama.png
LC-221	Baby	With family	Family Moments	A day with Papa	Anytime	Family bears	papa bear playing gently with baby cub	playful	warm oatmeal	T12 Family	Core	221_baby_a_day_with_papa.png
LC-222	Baby	With family	Family Moments	Story time with Mama	Anytime	Family bears	mama bear reading blank book to cub	calm	warm oatmeal	T12 Family	Core	222_baby_story_time_with_mama.png
LC-223	Baby	With family	Family Moments	Playtime with Papa	Anytime	Family bears	papa bear and cub with soft blocks	happy	warm oatmeal	T12 Family	Core	223_baby_playtime_with_papa.png
LC-224	Baby	With family	Family Moments	Nap time with Mama	Anytime	Family bears	mama bear and cub sleeping softly	sleepy	warm oatmeal	T12 Family	Core	224_baby_nap_time_with_mama.png
LC-225	Baby	With family	Family Moments	Walk with Papa	Anytime	Family bears	papa bear carrying cub under soft moon/stars	peaceful	warm oatmeal	T12 Family	Core	225_baby_walk_with_papa.png
LC-226	Baby	With family	Family Moments	Family day out	Anytime	Family bears	family bears with tiny picnic basket	happy	warm oatmeal	T12 Family	Core	226_baby_family_day_out.png
LC-227	Baby	With family	Family Moments	Our little family	Anytime	Family bears	mama papa and cub in group cuddle	loving	warm oatmeal	T12 Family	Core	227_baby_our_little_family.png
LC-228	Baby	With family	Family Moments	Loved by everyone	Anytime	Family bears	baby cub surrounded by small hearts	loved	warm oatmeal	T12 Family	Core	228_baby_loved_by_everyone.png
LC-229	Baby	With family	Family Moments	My village	Anytime	Family bears	baby cub with several soft bear silhouettes behind	supported	warm oatmeal	T12 Family	Core	229_baby_my_village.png
LC-230	Baby	With family	Family Moments	First time meeting Grandma	Anytime	Family bears	grandma bear greeting baby cub	tender	warm oatmeal	T12 Family	Core	230_baby_first_time_meeting_grandma.png
LC-231	Baby	With family	Family Moments	First time meeting Grandpa	Anytime	Family bears	grandpa bear greeting baby cub	tender	warm oatmeal	T12 Family	Core	231_baby_first_time_meeting_grandpa.png
LC-232	Baby	With family	Family Moments	First time meeting family	Anytime	Family bears	baby cub with soft family group silhouettes	loved	warm oatmeal	T12 Family	Core	232_baby_first_time_meeting_family.png
LC-233	Baby	With family	Family Moments	First video call	Anytime	Family bears	baby cub looking at blank phone frame, no interface or text	curious	warm oatmeal	T12 Family	Core	233_baby_first_video_call.png
LC-234	Baby	With family	Family Moments	Someone special visited	Anytime	Family bears	baby cub meeting a gentle visitor bear	happy	warm oatmeal	T12 Family	Core	234_baby_someone_special_visited.png
LC-235	Baby	Special days	Events & Festivals	Birthday	Anytime	Baby cub	baby cub with soft birthday cake and sparkles	happy	pastel seasonal	T13 Special	Core	235_baby_birthday.png
LC-236	Baby	Special days	Events & Festivals	Holiday	Anytime	Baby cub	baby cub with tiny suitcase and stars	happy	pastel seasonal	T13 Special	Core	236_baby_holiday.png
LC-237	Baby	Special days	Events & Festivals	First Diwali	Festival	Baby cub	baby cub with soft lantern-like glow shapes, no religious text	happy	pastel seasonal	T13 Special	Core	237_baby_first_diwali.png
LC-238	Baby	Special days	Events & Festivals	First Eid	Festival	Baby cub	baby cub under crescent moon and gentle stars	happy	pastel seasonal	T13 Special	Core	238_baby_first_eid.png
LC-239	Baby	Special days	Events & Festivals	First Christmas	Festival	Baby cub	baby cub beside soft evergreen sprig and tiny gift	happy	pastel seasonal	T13 Special	Core	239_baby_first_christmas.png
LC-240	Baby	Special days	Events & Festivals	First New Year	Festival	Baby cub	baby cub with celebratory sparkles	happy	pastel seasonal	T13 Special	Core	240_baby_first_new_year.png
LC-241	Baby	Special days	Events & Festivals	First vacation	Anytime	Baby cub	baby cub with suitcase and camera icon	happy	pastel seasonal	T13 Special	Core	241_baby_first_vacation.png
LC-242	Baby	Special days	Events & Festivals	First beach trip	Anytime	Baby cub	baby cub with shell and bucket	happy	pastel seasonal	T13 Special	Core	242_baby_first_beach_trip.png
LC-243	Baby	Special days	Events & Festivals	First snow	Anytime	Baby cub	baby cub with tiny snowflake sparkles and scarf	happy	pastel seasonal	T13 Special	Core	243_baby_first_snow.png
LC-244	Baby	Special days	Events & Festivals	First Halloween	Festival	Baby cub	baby cub with cute pumpkin shape, not spooky	happy	pastel seasonal	T13 Special	Core	244_baby_first_halloween.png
LC-245	Baby	Special days	Events & Festivals	First Rakhi	Festival	Baby cub	baby cub with soft thread/bracelet keepsake shape	happy	pastel seasonal	T13 Special	Core	245_baby_first_rakhi.png
LC-246	Baby	Special days	Events & Festivals	First Holi	Festival	Baby cub	baby cub with very soft pastel powder clouds	happy	pastel seasonal	T13 Special	Core	246_baby_first_holi.png
LC-247	Baby	Special days	Events & Festivals	First Onam	Festival	Baby cub	baby cub near soft floral circle motif	happy	pastel seasonal	T13 Special	Core	247_baby_first_onam.png
LC-248	Baby	Special days	Events & Festivals	First Thanksgiving	Festival	Baby cub	baby cub near autumn leaves	happy	pastel seasonal	T13 Special	Core	248_baby_first_thanksgiving.png
LC-249	Baby	Special days	Events & Festivals	First family wedding	Anytime	Baby cub	baby cub with soft floral garland accents	happy	pastel seasonal	T13 Special	Core	249_baby_first_family_wedding.png
LC-250	Baby	Special days	Events & Festivals	Naming ceremony	Anytime	Baby cub	baby cub with blank name card and family bears	happy	pastel seasonal	T13 Special	Core	250_baby_naming_ceremony.png
LC-251	Baby	Special days	Events & Festivals	Blessing day	Anytime	Baby cub	baby cub under gentle sparkles and hearts	happy	pastel seasonal	T13 Special	Core	251_baby_blessing_day.png
LC-252	Baby	Special days	Events & Festivals	First photoshoot	Anytime	Baby cub	baby cub beside tiny camera icon	happy	pastel seasonal	T13 Special	Core	252_baby_first_photoshoot.png
LC-253	Baby	Special days	Events & Festivals	First passport photo	Anytime	Baby cub	baby cub sitting straight with neutral blank frame	happy	pastel seasonal	T13 Special	Core	253_baby_first_passport_photo.png
LC-254	Baby	Special days	Events & Festivals	First trip to India	Anytime	Baby cub	baby cub with suitcase and soft plane cloud motif	happy	pastel seasonal	T13 Special	Core	254_baby_first_trip_to_india.png
LC-255	Baby	Special days	Events & Festivals	First trip abroad	Anytime	Baby cub	baby cub with tiny globe-like circle and plane shape	happy	pastel seasonal	T13 Special	Core	255_baby_first_trip_abroad.png
LC-256	Baby	Special days	Events & Festivals	First picnic	Anytime	Baby cub	baby cub on soft blanket with fruit shapes	happy	pastel seasonal	T13 Special	Core	256_baby_first_picnic.png
LC-257	Baby	Special days	Events & Festivals	First zoo visit	Anytime	Baby cub	baby cub looking at leaf and animal silhouette shapes	happy	pastel seasonal	T13 Special	Core	257_baby_first_zoo_visit.png
LC-258	Baby	Special days	Events & Festivals	First aquarium visit	Anytime	Baby cub	baby cub with soft fish-like shapes	happy	pastel seasonal	T13 Special	Core	258_baby_first_aquarium_visit.png
LC-259	Baby	Special days	Events & Festivals	First museum day	Anytime	Baby cub	baby cub with tiny picture-frame shapes	happy	pastel seasonal	T13 Special	Core	259_baby_first_museum_day.png
LC-260	Baby	Custom moments	Custom & Journal	Today I...	Anytime	Baby cub	minimal journaling card illustration for 'today i...', with large empty space and one gentle Little Cubby character accent	gentle	cream blank	T14 Journal	Core	260_baby_today_i.png
LC-261	Baby	Custom moments	Custom & Journal	My first...	Anytime	Baby cub	minimal journaling card illustration for 'my first...', with large empty space and one gentle Little Cubby character accent	gentle	cream blank	T14 Journal	Core	261_baby_my_first.png
LC-262	Baby	Custom moments	Custom & Journal	I learned to...	Anytime	Baby cub	minimal journaling card illustration for 'i learned to...', with large empty space and one gentle Little Cubby character accent	gentle	cream blank	T14 Journal	Core	262_baby_i_learned_to.png
LC-263	Baby	Custom moments	Custom & Journal	I loved...	Anytime	Baby cub	minimal journaling card illustration for 'i loved...', with large empty space and one gentle Little Cubby character accent	gentle	cream blank	T14 Journal	Core	263_baby_i_loved.png
LC-264	Baby	Custom moments	Custom & Journal	I said...	Anytime	Baby cub	minimal journaling card illustration for 'i said...', with large empty space and one gentle Little Cubby character accent	gentle	cream blank	T14 Journal	Core	264_baby_i_said.png
LC-265	Baby	Custom moments	Custom & Journal	I ate...	Anytime	Baby cub	minimal journaling card illustration for 'i ate...', with large empty space and one gentle Little Cubby character accent	gentle	cream blank	T14 Journal	Core	265_baby_i_ate.png
LC-266	Baby	Custom moments	Custom & Journal	I visited...	Anytime	Baby cub	minimal journaling card illustration for 'i visited...', with large empty space and one gentle Little Cubby character accent	gentle	cream blank	T14 Journal	Core	266_baby_i_visited.png
LC-267	Baby	Custom moments	Custom & Journal	I met...	Anytime	Baby cub	minimal journaling card illustration for 'i met...', with large empty space and one gentle Little Cubby character accent	gentle	cream blank	T14 Journal	Core	267_baby_i_met.png
LC-268	Baby	Custom moments	Custom & Journal	I smiled because...	Anytime	Baby cub	minimal journaling card illustration for 'i smiled because...', with large empty space and one gentle Little Cubby character accent	gentle	cream blank	T14 Journal	Core	268_baby_i_smiled_because.png
LC-269	Baby	Custom moments	Custom & Journal	I laughed when...	Anytime	Baby cub	minimal journaling card illustration for 'i laughed when...', with large empty space and one gentle Little Cubby character accent	gentle	cream blank	T14 Journal	Core	269_baby_i_laughed_when.png
LC-270	Baby	Custom moments	Custom & Journal	A note from Mama	Anytime	Mama + Papa	minimal journaling card illustration for 'a note from mama', with large empty space and one gentle Little Cubby character accent	gentle	cream blank	T14 Journal	Core	270_baby_a_note_from_mama.png
LC-271	Baby	Custom moments	Custom & Journal	A note from Papa	Anytime	Mama + Papa	minimal journaling card illustration for 'a note from papa', with large empty space and one gentle Little Cubby character accent	gentle	cream blank	T14 Journal	Core	271_baby_a_note_from_papa.png
LC-272	Baby	Custom moments	Custom & Journal	A letter to you	Anytime	Baby cub	minimal journaling card illustration for 'a letter to you', with large empty space and one gentle Little Cubby character accent	gentle	cream blank	T14 Journal	Core	272_baby_a_letter_to_you.png
LC-273	Baby	Custom moments	Custom & Journal	A memory from today	Anytime	Baby cub	minimal journaling card illustration for 'a memory from today', with large empty space and one gentle Little Cubby character accent	gentle	cream blank	T14 Journal	Core	273_baby_a_memory_from_today.png
LC-274	Baby	Custom moments	Custom & Journal	Something funny happened	Anytime	Baby cub	minimal journaling card illustration for 'something funny happened', with large empty space and one gentle Little Cubby character accent	gentle	cream blank	T14 Journal	Core	274_baby_something_funny_happened.png
LC-275	Baby	Custom moments	Custom & Journal	Something sweet happened	Anytime	Baby cub	minimal journaling card illustration for 'something sweet happened', with large empty space and one gentle Little Cubby character accent	gentle	cream blank	T14 Journal	Core	275_baby_something_sweet_happened.png
LC-276	Baby	Custom moments	Custom & Journal	A hard day we got through	Anytime	Baby cub	minimal journaling card illustration for 'a hard day we got through', with large empty space and one gentle Little Cubby character accent	gentle	cream blank	T14 Journal	Core	276_baby_a_hard_day_we_got_through.png
LC-277	Baby	Custom moments	Custom & Journal	A tiny moment	Anytime	Baby cub	minimal journaling card illustration for 'a tiny moment', with large empty space and one gentle Little Cubby character accent	gentle	cream blank	T14 Journal	Core	277_baby_a_tiny_moment.png
LC-278	Baby	Custom moments	Custom & Journal	A big milestone	Anytime	Baby cub	minimal journaling card illustration for 'a big milestone', with large empty space and one gentle Little Cubby character accent	gentle	cream blank	T14 Journal	Core	278_baby_a_big_milestone.png
LC-279	Baby	Custom moments	Custom & Journal	This made us proud	Anytime	Baby cub	minimal journaling card illustration for 'this made us proud', with large empty space and one gentle Little Cubby character accent	gentle	cream blank	T14 Journal	Core	279_baby_this_made_us_proud.png
LC-280	Baby	Custom moments	Custom & Journal	Today's date	Anytime	Baby cub	minimal journaling card illustration for 'today's date', with large empty space and one gentle Little Cubby character accent	gentle	cream blank	T14 Journal	Core	280_baby_today_s_date.png
LC-281	Baby	Custom moments	Custom & Journal	Today's favourite thing	Anytime	Baby cub	minimal journaling card illustration for 'today's favourite thing', with large empty space and one gentle Little Cubby character accent	gentle	cream blank	T14 Journal	Core	281_baby_today_s_favourite_thing.png
LC-282	Baby	Custom moments	Custom & Journal	Today's little story	Anytime	Baby cub	minimal journaling card illustration for 'today's little story', with large empty space and one gentle Little Cubby character accent	gentle	cream blank	T14 Journal	Core	282_baby_today_s_little_story.png
LC-283	Baby	Custom moments	Custom & Journal	Our favourite memory	Anytime	Baby cub	minimal journaling card illustration for 'our favourite memory', with large empty space and one gentle Little Cubby character accent	gentle	cream blank	T14 Journal	Core	283_baby_our_favourite_memory.png
LC-284	Baby	Custom moments	Custom & Journal	One for the memory book	Anytime	Baby cub	minimal journaling card illustration for 'one for the memory book', with large empty space and one gentle Little Cubby character accent	gentle	cream blank	T14 Journal	Core	284_baby_one_for_the_memory_book.png
LC-285	Baby	Custom moments	Custom & Journal	Dear little cub	Anytime	Baby cub	minimal journaling card illustration for 'dear little cub', with large empty space and one gentle Little Cubby character accent	gentle	cream blank	T14 Journal	Core	285_baby_dear_little_cub.png
LC-286	Baby	Custom moments	Custom & Journal	What I want to remember	Anytime	Baby cub	minimal journaling card illustration for 'what i want to remember', with large empty space and one gentle Little Cubby character accent	gentle	cream blank	T14 Journal	Core	286_baby_what_i_want_to_remember.png
LC-287	Baby	Custom moments	Custom & Journal	A note from Grandma	Anytime	Baby cub	minimal journaling card illustration for 'a note from grandma', with large empty space and one gentle Little Cubby character accent	gentle	cream blank	T14 Journal	Core	287_baby_a_note_from_grandma.png
LC-288	Baby	Custom moments	Custom & Journal	A note from Grandpa	Anytime	Baby cub	minimal journaling card illustration for 'a note from grandpa', with large empty space and one gentle Little Cubby character accent	gentle	cream blank	T14 Journal	Core	288_baby_a_note_from_grandpa.png
LC-289	Baby	Custom moments	Custom & Journal	A family wish	Anytime	Baby cub	minimal journaling card illustration for 'a family wish', with large empty space and one gentle Little Cubby character accent	gentle	cream blank	T14 Journal	Core	289_baby_a_family_wish.png
LC-290	Baby	Firsts	Travel Firsts	First car ride	Anytime	Baby cub	baby cub buckled snugly in a soft rounded seat inside a gentle car interior, watching out the window	cosy wonder	warm cream	T10 Firsts	Core	290_baby_first_car_ride.png
LC-291	Baby	Firsts	Travel Firsts	First time in my car seat	Anytime	Baby cub	baby cub sitting proud and snug in a soft padded car seat shape with rounded straps	proud snug	pale beige	T10 Firsts	Core	291_baby_first_time_in_my_car_seat.png
LC-292	Baby	Firsts	Travel Firsts	First pram walk	Anytime	Baby cub	baby cub peeking happily out of a classic rounded pram, a leaf drifting by	fresh air joy	pale sage	T10 Firsts	Core	292_baby_first_pram_walk.png
LC-293	Baby	Firsts	Travel Firsts	First time in the baby carrier	Anytime	Baby cub	tiny cub snuggled against a parent bear's chest in a soft wrap carrier, eyes peeking out	held close	soft blush	T10 Firsts	Core	293_baby_first_time_in_the_baby_carrier.png
LC-294	Baby	Firsts	Travel Firsts	First train ride	Anytime	Baby cub	baby cub kneeling at a big train window watching soft hills roll past	window wonder	muted sage	T10 Firsts	Core	294_baby_first_train_ride.png
LC-295	Baby	Firsts	Travel Firsts	First bus ride	Anytime	Baby cub	baby cub on a parent bear's lap by a big rounded bus window	everyday adventure	warm oat	T10 Firsts	Core	295_baby_first_bus_ride.png
LC-296	Baby	Firsts	Travel Firsts	First auto-rickshaw ride	Anytime	Baby cub	baby cub peeking out of a small rounded three-wheeler silhouette with a soft canopy	gleeful breeze	dusty cream	T10 Firsts	Core	296_baby_first_auto-rickshaw_ride.png
LC-297	Baby	Firsts	Travel Firsts	First taxi ride	Anytime	Baby cub	baby cub waving from the window of a small rounded taxi shape with a tiny roof light	city wonder	warm cream	T10 Firsts	Core	297_baby_first_taxi_ride.png
LC-298	Baby	Firsts	Travel Firsts	First boat ride	Anytime	Baby cub	baby cub in a little rounded boat on gentle water ripples, one paw trailing	calm waters	muted sage	T10 Firsts	Core	298_baby_first_boat_ride.png
LC-299	Baby	Firsts	Travel Firsts	First bicycle ride	Anytime	Baby cub	baby cub in a little seat behind a parent bear on a bicycle, both smiling into the breeze	breezy together	pale sage	T10 Firsts	Core	299_baby_first_bicycle_ride.png
